2. ACCOUNT TARGETING - One row per industry you serve,,,,,,,
"- For each segment please be as specific to the industry, don't give generic answers
- Give 5 vertical/industries > we'll request for more if we need them",,,,,,,
Industry/Sub-Niche,Pain Points (3-5),Dream Outcome,Current Solution,Mistaken Beliefs,THEIR Dream ICP,Recognizable Client/Logos,Company Size/Revenue:
,3-5 DEEP pain points thats specific to the niche that they''re struggling with - (almost not being able to sleep at night sort of pain),What is 3-5 dream scenarios for them that you can solve?,What are they currently doing to solve their problems?,Mistaken beliefs/Common objections about your service,I.e Who is their Dream customer/ICP? Be as specific as possible,"Do you have any ""household"" names that prospects in the industry will have heard about/get excited)

(Ideally not fortune 500 companies as that's too big to relate)",
Supplements / Director to Consumer,"- Commoditized messaging - all brands sound the same
- Crowded market with 5,000+ supplement competitor
- Rising CAC as its such a crowded space ","- Scale profitably whilst lowering CaC
- Competing with bigger companies like c4 with unique positioning
- Creatives that last 6+ months without constantly changing things","- Current marketing agency not performing
- Running organic channels
- Already running paid social","-  ""Humor doesn't fit our industry""
- We've tried video before and it didn't work""
- facebook ads are too expensive to run","- Wealthy Health-Conscious Millennial Women
- Fitness Enthusiasts & Active Lifestyle Consumers 
- Gen Z Early adopters","Transparent Labs, AG1, Cymbiotika",<<<< EXAMPLE
,,,,,,,
"Multi-Location & Franchise Businesses (retail, travel, healthcare, home services)","-Affordable and scalable marketing for each location, using AI responsibly to help scale
- Keeping up with changing search landscape, balancing google SEO with AI SEO
- Managing internal complexities of large organizations and/or buy in of location owners/managers
- Sophisticated measurement at a local, regional, and national level

","- drive reliable, consistent growth (marketing metrics/revenue) for each location
- Build systems/processes tailored to their organization to maintain consistency, legal, brand standards
- Unify their customer experience through content, SEO, UX, Digital PR, and revops","Sometimes nothing, underperforming inhouse hires, burning through agencies. Relying on paid ads to get enough traffic/growth. Buying tools/software but not getting the value out of it","- Agencies don't care / get integrated enough to understand our business
- SEO is dying
- I need different agencies for different channels
- hiring in-house is better / cheaper","Varies by industry - most are looking for wealthy, lack of price sensitivity, home owner types.  B2C","Avis Budget Group, Visionworks, ARS Rescue Rooter, Bricks & Minifigs, Paul Mitchell Schools 

More: https://www.bigleap.com/local-and-multilocation-case-studies/","50-1000 employees
5M+"
B2B / SaaS,"- AI disrupting search for finding new b2b products
- Educating the market on their service / value prop
- generating new, qualified pipeline","- creating consistent, reliable pipeline growth for their sales team
- being recommended by LLMs 
- reducing CPA's and reliance on paid channels","- spending big money on google ads and review sites
- testing AI search tools and software but not getting results
- posting/advertising on Linkedin to get in front of target audience","- i can mesure each channel independently to gauge effectiveness
-  PPC is safer because its easier to measure
- SEO is dying, everyone uses LLMs","senior level b2b buyers - can vary by dept like HR, IT, Marketing","BambooHR, Domo, Workfront, Pluralsight, Venafi, Canopy, Filevine, Awardco","20+
5M+"
Insurance / Financial Services,"- highly competitive market for advertising
- highly regulated / legal issues in marketing
- generating qualified leads affordably","- building a partnership with an agency that understands their complexiitites and legal requirements without having to babysit
- agency partner that gets the technical intracacies of their services/products
- standing. out from their competitors
- generating consistent, reliable lead channels","- buying expensive leads from lead generators
- spending big money on brand but not sure how it connects to performance
- babysitting and educating agencies to make sure they don't break industry rules","- nobody can write/create content about our industry
- buying leads is better/safer than trying to figure out our own lead gen
-  been burned by agencies before",B2C - typically above a general credit score,"Kemper, Pacesetter Claims Service, Power Finance, Honest Loans, Funding First, ",
Real Estate Investing,"- Filling up events and webinars with qualified people
- Improving marketing efficiency
- Getting registered attendees to show up, reduce no shows
- reputation issues around their brands and personalities","- markeitng partner they can turn it over to so they can focus on selling and educating
- improving cost per registration, cost per attendee, and ROI
- Google results highlight positive content, not bad reviews","- jumping from agency to agency
- starting lots of new things but nothing sticking, not following through with everything
- relying on old tricks but not adapting","- there's a magic bullet, just need to find the right agency
- we don't need to worry about our brand, just get butts in seats
- the old methods will still work, just need to find a new channel","- decent credit score, ability to purchase a $5k+ course","All In Real Estate, Life Surge, Tax Lien Code, Peak Multifamily",
Healthcare / Mental Health,"- explaining how they are different than all the others
- building reliable, consistent lead flow 
- time - trying to balance marketing and practicing","- a hands off approach that drive new business
- full service partner that will handle everything for them
- someone who can tellt heir story","-using small budget agencies to reduce risk
- relying on word of mouth for new leads, provides inconsistencies
- try things but don't stick with them","- all i need is word of mouth because we do good work
- agencies can't do it for me, i have to guide everyting
- nobody can understand/write about what we do",- varies by practice type. B2C,"Abbey Neuropsychology, 1st Pet Veterinary, Elevate Psychiatry, ENT Specialty Partners, Spectrum Behavioral Services, Healing Psychiatry",